company,link,address,region,price,bedrooms,bathrooms,sqft,property_type,available,available_now,cats_allowed,dogs_allowed,maps_link,lat,lon,summary,pets_raw,scraped_at,parse_status
A Superior Property Management,https://asuperior.appfolio.com/listings/detail/da72c809-2b58-421f-9b01-56c5f6633e4f,"1147 NW Knoxville , Bend, OR 97703",NW Bend,1850,1,1,616,?,2026-10-01,False,False,False,https://www.google.com/maps/search/?api=1&query=1147+NW+Knoxville+%2C+Bend%2C+OR+97703,44.0604823,-121.3373093,"Westside Bend ADU 1 Bedroom with Garage, A/C & Washer/Dryer!","Cats not allowed, Dogs not allowed",2026-09-23T10:43:58,ok
A Superior Property Management,https://asuperior.appfolio.com/listings/detail/173fa78f-b6fb-43cc-b130-f0416c7ebcf8,"115 NW Mt. Washington Dr., Bend, OR 97703",NW Bend,3495,3,2.5,1801,?,?,True,True,True,https://www.google.com/maps/search/?api=1&query=115+NW+Mt.+Washington+Dr.%2C+Bend%2C+OR+97703,44.0748807,-121.3194316,Beautiful Trailside home right near Northwest Crossing!,"Cats allowed, Dogs allowed",2026-09-23T10:43:58,ok
A Superior Property Management,https://asuperior.appfolio.com/listings/detail/b2568d19-a6c1-427c-ad72-d60c508a66af,"1157 SW Silver Lake Blvd, Bend, OR 97702",SW Bend,2695,3,2,1221,?,?,True,True,True,https://www.google.com/maps/search/?api=1&query=1157+SW+Silver+Lake+Blvd%2C+Bend%2C+OR+97702,44.0383222,-121.3123322,Beautiful 3 Bedroom Single Level home near Old Mill!,"Cats allowed, Dogs allowed",2026-09-23T10:43:58,ok
A Superior Property Management,https://asuperior.appfolio.com/listings/detail/0cad6105-1adb-41c4-975a-71e880d5a12e,"1455 NW 8th St. - #3, Bend, OR 97703",NW Bend,1795,1,1,547,?,2026-10-31,False,True,True,https://www.google.com/maps/search/?api=1&query=1455+NW+8th+St.+-+%233%2C+Bend%2C+OR+97703,44.0628649,-121.3234734,Modern apartment in NW Bend! A/C! W/S/G Included!,"Cats allowed, Dogs allowed",2026-09-23T10:43:58,ok
A Superior Property Management,https://asuperior.appfolio.com/listings/detail/7d123cab-8aa3-4c8c-8085-165bb050d3fa,"1590 NW Hartford, Bend, OR 97703",NW Bend,2395,3,1.5,1160,?,2026-10-01,False,True,True,https://www.google.com/maps/search/?api=1&query=1590+NW+Hartford%2C+Bend%2C+OR+97703,44.0576995,-121.3358936,West Side Home w/ Large yard & Close to Campus!,"Cats allowed, Dogs allowed",2026-09-23T10:43:58,ok
A Superior Property Management,https://asuperior.appfolio.com/listings/detail/514f5676-d232-460e-ae1e-af49fc61a268,"1622 Nw Awbrey Road, Bend, OR 97703",Bend,2895,3,1.5,1336,?,?,True,False,False,https://www.google.com/maps/search/?api=1&query=1622+Nw+Awbrey+Road%2C+Bend%2C+OR+97703,44.0643841,-121.3156210,"Classic Westside Cottage, Super Charming!","Cats not allowed, Dogs not allowed",2026-09-23T10:43:58,ok
A Superior Property Management,https://asuperior.appfolio.com/listings/detail/01c8ff75-b421-41d1-ae10-e2cd1b318716,"20030 Voltera Pl., Bend, OR 97702",Bend,2195,3,2,1748,?,2026-10-14,False,False,True,https://www.google.com/maps/search/?api=1&query=20030+Voltera+Pl.%2C+Bend%2C+OR+97702,44.0237365,-121.3219693,Single level renovated home close to the Old Mill!,"Cats not allowed, Dogs allowed",2026-09-23T10:43:58,ok
A Superior Property Management,https://asuperior.appfolio.com/listings/detail/4128f407-21d6-4a9f-af12-d042a2d1e13e,"20047 Beth Ave - #2, Bend, OR 97702",Bend,1795,2,2.5,1200,?,?,True,False,False,https://www.google.com/maps/search/?api=1&query=20047+Beth+Ave+-+%232%2C+Bend%2C+OR+97702,44.0268000,-121.3211400,New carpeting! Spacious townhome near the Old Mill!,"Cats not allowed, Dogs not allowed",2026-09-23T10:43:58,ok
A Superior Property Management,https://asuperior.appfolio.com/listings/detail/f831f8b6-ea0e-4092-9d8a-a63f0184274f,"20629 SE Gemstone Ave, Bend, OR 97702",SE Bend,2895,4,2.5,2230,?,?,True,True,True,https://www.google.com/maps/search/?api=1&query=20629+SE+Gemstone+Ave%2C+Bend%2C+OR+97702,44.0301331,-121.2962665,Modern 4 bedroom with den and neighborhood pool!,"Cats allowed, Dogs allowed",2026-09-23T10:43:58,ok
A Superior Property Management,https://asuperior.appfolio.com/listings/detail/6cb3974c-2138-4a70-a9b3-ed0435fdd2ef,"2301 NE Mary Rose Pl. - #2, Bend, OR 97701",NE Bend,1895,2,1,892,?,2026-10-14,False,False,True,https://www.google.com/maps/search/?api=1&query=2301+NE+Mary+Rose+Pl.+-+%232%2C+Bend%2C+OR+97701,44.0599510,-121.2681250,Single level duplex near St. Charles!,"Cats not allowed, Small dogs allowed",2026-09-23T10:43:58,ok
A Superior Property Management,https://asuperior.appfolio.com/listings/detail/43b209f1-732f-421d-8294-ee2b3712b2cd,"3336 NW Celilo Ln. - #1, Bend, OR 97703",NW Bend,3400,2,2.5,1590,?,2026-10-01,False,False,False,https://www.google.com/maps/search/?api=1&query=3336+NW+Celilo+Ln.+-+%231%2C+Bend%2C+OR+97703,44.0660401,-121.3615694,Rare Discovery West Rental – Main Home with Optional Private ADU!,"Cats not allowed, Dogs not allowed",2026-09-23T10:43:58,ok
A Superior Property Management,https://asuperior.appfolio.com/listings/detail/96754646-8e98-4924-a3cb-f5fd5c0a43ba,"60958 Snowbrush Dr., Bend, OR 97702",Bend,2995,4,2.5,2452,?,2026-11-13,False,False,True,https://www.google.com/maps/search/?api=1&query=60958+Snowbrush+Dr.%2C+Bend%2C+OR+97702,44.0170751,-121.3482022,Beautiful Home in River Canyon Estates! Great Amenities!,"Cats not allowed, Dogs allowed",2026-09-23T10:43:58,ok
A Superior Property Management,https://asuperior.appfolio.com/listings/detail/51f8d069-45f6-43dd-8a70-e0075bfaf602,"61093 Larkspur Loop, Bend, OR 97702",Bend,2495,3,2,1222,?,2026-10-01,False,True,True,https://www.google.com/maps/search/?api=1&query=61093+Larkspur+Loop%2C+Bend%2C+OR+97702,44.0193796,-121.2931689,Freshly Updated 3-Bedroom Home in Bend!,"Cats allowed, Dogs allowed",2026-09-23T10:43:58,ok
A Superior Property Management,https://asuperior.appfolio.com/listings/detail/dd6ca8b5-4f07-44d3-8bcd-3f8faaa634d6,"61349 Elkhorn St., Bend, OR 97702",Bend,3200,5,3,2250,?,2026-10-09,False,True,True,https://www.google.com/maps/search/?api=1&query=61349+Elkhorn+St.%2C+Bend%2C+OR+97702,44.0276990,-121.3224053,Newer paint & flooring in this 5 bedroom home in Elkhorn Estates!,"Cats allowed, Dogs allowed",2026-09-23T10:43:58,ok
A Superior Property Management,https://asuperior.appfolio.com/listings/detail/44dc0d4a-68d5-4dc3-89d8-99f8cece535a,"61456 SE Brosterhous Rd., Bend, OR 97702",SE Bend,2495,4,2,2100,?,?,True,False,True,https://www.google.com/maps/search/?api=1&query=61456+SE+Brosterhous+Rd.%2C+Bend%2C+OR+97702,44.0193058,-121.2938338,Charming South Bend Home full of Character! RV Parking!,"Cats not allowed, Dogs allowed",2026-09-23T10:43:58,ok
A Superior Property Management,https://asuperior.appfolio.com/listings/detail/1f2ffdc3-3525-478d-8b35-fc6a67597fd2,"61545 Parrell Road - 7, Bend, OR 97702",Bend,1495,2,1.5,1000,?,2026-10-09,False,True,True,https://www.google.com/maps/search/?api=1&query=61545+Parrell+Road+-+7%2C+Bend%2C+OR+97702,44.0348338,-121.3045646,Available 10/09! Plan ahead! W/S/G Included!,"Cats allowed, Dogs allowed",2026-09-23T10:43:58,ok
A Superior Property Management,https://asuperior.appfolio.com/listings/detail/74e60d99-0869-4e2b-b9e2-fef6d9e0a02a,"63264 Peale St., Bend, OR 97701",Bend,2995,4,2.5,2288,?,?,True,True,True,https://www.google.com/maps/search/?api=1&query=63264+Peale+St.%2C+Bend%2C+OR+97701,?,?,Spacious Like New 4 Bedroom Home!,"Cats allowed, Dogs allowed",2026-09-23T10:43:58,ok
A Superior Property Management,https://asuperior.appfolio.com/listings/detail/1a90777f-7c63-4bc2-ac9b-f68fa1bce277,"63266 Newhall Pl., Bend, OR 97703",Bend,2995,3,2,1609,?,?,True,True,True,https://www.google.com/maps/search/?api=1&query=63266+Newhall+Pl.%2C+Bend%2C+OR+97703,44.096949409441,-121.312786931644,Beautiful Single-Level Hayden Home with Private Yard & 3-Car Garage,"Cats allowed, Dogs allowed",2026-09-23T10:43:58,ok
A Superior Property Management,https://asuperior.appfolio.com/listings/detail/888f5626-8f8c-41c8-bc0c-dec0e111be7f,"762 NE Savannah Dr. , Bend, OR 97701",NE Bend,1895,2,2,1017,?,2026-10-16,False,False,True,https://www.google.com/maps/search/?api=1&query=762+NE+Savannah+Dr.+%2C+Bend%2C+OR+97701,44.0585327,-121.2741490,Single-Level 2 Bedroom Townhome Near Pilot Butte! W/S Included!,"Cats not allowed, Small dogs allowed",2026-09-23T10:43:58,ok
Bend Property Management,https://bend.appfolio.com/listings/detail/144ae1b5-0168-4d4e-b519-02de207d8ede,"1232 NW Ogden Ave. , Bend, OR 97703",NW Bend,2200,3,2,1342,?,2026-09-30,False,?,True,https://www.google.com/maps/search/?api=1&query=1232+NW+Ogden+Ave.+%2C+Bend%2C+OR+97703,44.0633587,-121.3291892,"Westside 3 Bdrm, 2 Bath Townhouse, Gas heat, Patio, Storage & Carport, Dog OK w/References",Dogs allowed,2026-09-23T10:43:16,ok
Bend Property Management,https://bend.appfolio.com/listings/detail/27e85839-c196-445a-8366-35e6faa5cbee,"20058 Beth Ave. - 04, Bend, OR 97702",SW Bend,2095,3,2.5,1276,?,2026-09-30,False,True,False,https://www.google.com/maps/search/?api=1&query=20058+Beth+Ave.+-+04%2C+Bend%2C+OR+97702,44.0269522,-121.3201273,"SW Old Mill Area 3 Bdrm Townhouse, 2.5 Baths, All Appliances Incl. Washer/Dryer, Garage, Water/sewer paid","Cats allowed, Dogs not allowed",2026-09-23T10:43:16,ok
Bend Property Management,https://bend.appfolio.com/listings/detail/59e025d1-8b29-4203-8dcc-804a79b748ee,"20068 SW Doanna Way - 02, Bend, OR 97702",SW Bend,2095,3,2.5,1350,?,2026-09-30,False,False,False,https://www.google.com/maps/search/?api=1&query=20068+SW+Doanna+Way+-+02%2C+Bend%2C+OR+97702,44.0275073,-121.3198507,"Old Mill Area 3 Bdrm Townhouse, 2.5 Baths, All Appliances, W/D Included, Gas Heat/Water, Garage","Cats not allowed, Dogs not allowed",2026-09-23T10:43:16,ok
Bend Property Management,https://bend.appfolio.com/listings/detail/e9ef9cfb-c26c-41d5-9cff-cb6fd976f842,"20605 SE Slate Ave. , Bend, OR 97702",SE Bend,2995,3,2.5,2084,?,?,True,False,False,https://www.google.com/maps/search/?api=1&query=20605+SE+Slate+Ave.+%2C+Bend%2C+OR+97702,44.0313696,-121.2962862,"$500 off 1st month's rent! Newer SE Bend House w/A/C & Gas Heat, 3 Bdrms, 2.5 Baths, 2093 Sq Ft, Gas Fireplace, Access to Pool","Cats not allowed, Dogs not allowed",2026-09-23T10:43:16,ok
Bend Property Management,https://bend.appfolio.com/listings/detail/58ffbb1a-b7bd-4302-b245-24b5ee6aa2d1,"2111 NW Awbrey Rd - 1 , Bend, OR 97703",NW Bend,3600,2,1.5,1096,?,?,True,?,True,https://www.google.com/maps/search/?api=1&query=2111+NW+Awbrey+Rd+-+1+%2C+Bend%2C+OR+97703,44.0678816,-121.3171223,"Bright & Modern New-Build in Northwest Bend, All Appliances, W/D Included, Comfortable outdoor space!",Dogs allowed,2026-09-23T10:43:16,ok
Bend Property Management,https://bend.appfolio.com/listings/detail/0d110524-adee-422f-a6bd-5b482aeaf805,"61550 Brosterhous Rd. - 38, Bend, OR 97702",SE Bend,1425,2,1,954,?,?,True,False,False,https://www.google.com/maps/search/?api=1&query=61550+Brosterhous+Rd.+-+38%2C+Bend%2C+OR+97702,44.0354184,-121.3031614,"SE Spacious Upstairs 2 Bedroom Apt w/Air Conditioning, All Appliances, Storage & Deck","Cats not allowed, Dogs not allowed",2026-09-23T10:43:16,ok
Bend Property Management,https://bend.appfolio.com/listings/detail/c72648d1-c622-46ab-ad91-2d73015e49ba,"931 NW Carlon Ave. - 01, Bend, OR 97703",NW Bend,2750,3,1.5,1200,?,?,True,True,True,https://www.google.com/maps/search/?api=1&query=931+NW+Carlon+Ave.+-+01%2C+Bend%2C+OR+97703,44.0517170,-121.3199615,"Next to Miller's Landing Park, Townhouse w/2 Bdrms & Office, LVP Flooring, A/C! W/S/G Paid","Cats allowed, Small dogs allowed",2026-09-23T10:43:16,ok
Elevation Property Management,https://elevationpropmgmt.appfolio.com/listings/detail/b8d301cf-ba01-4c5f-802e-10b995c511c8,"111 NW Hawthorne Avenue #2, Bend, OR 97703",NW Bend,2400,1,1.5,1050,?,?,True,True,True,https://www.google.com/maps/search/?api=1&query=111+NW+Hawthorne+Avenue+%232%2C+Bend%2C+OR+97703,44.0577105,-121.3090442,Renovated 1 BR - 1.5 BA Condo near Downtown Bend!,"Cats allowed, Dogs allowed",2026-09-23T10:43:37,ok
Elevation Property Management,https://elevationpropmgmt.appfolio.com/listings/detail/0a1992b1-7270-4655-bc20-1d90d99357d6,"1955 NW Brogan, Bend, OR 97703",NW Bend,5000,5,3.5,3269,?,?,True,True,True,https://www.google.com/maps/search/?api=1&query=1955+NW+Brogan%2C+Bend%2C+OR+97703,44.092384043902,-121.342156477299,5BR / 3.5BA Forest Retreat in NW Bend with ADU included,"Cats allowed, Dogs allowed",2026-09-23T10:43:37,ok
Elevation Property Management,https://elevationpropmgmt.appfolio.com/listings/detail/a59ccc98-ba8c-414f-8fab-3ad415cb2d56,"19658 Harvard Place, Bend, OR 97702",SW Bend,3500,4,2.5,2192,?,?,True,False,True,https://www.google.com/maps/search/?api=1&query=19658+Harvard+Place%2C+Bend%2C+OR+97702,44.0215380,-121.3411470,Updated 4 BR home with office in SW Bend,"Cats not allowed, Dogs allowed",2026-09-23T10:43:37,ok
Elevation Property Management,https://elevationpropmgmt.appfolio.com/listings/detail/81918d76-5672-41b3-8f0b-2f91125647be,"2485 NW Todds Crest Dr, Unit 2, Bend, OR 97703",NW Bend,2400,1,1,780,?,2026-10-04,False,False,False,https://www.google.com/maps/search/?api=1&query=2485+NW+Todds+Crest+Dr%2C+Unit+2%2C+Bend%2C+OR+97703,44.0727285,-121.3143534,Furnished 1 BR ADU in Beautiful Awbrey Butte,"Cats not allowed, Dogs not allowed",2026-09-23T10:43:37,ok
Elevation Property Management,https://elevationpropmgmt.appfolio.com/listings/detail/bfd78975-f55c-40aa-9c0f-a1906c4f295b,"2899 NE Jackdaw Dr, Bend, OR 97701",NE Bend,2450,3,2.5,1666,?,2026-10-14,False,False,True,https://www.google.com/maps/search/?api=1&query=2899+NE+Jackdaw+Dr%2C+Bend%2C+OR+97701,44.0594875,-121.2599366,3 BR home in a great NE Bend neighborhood!,"Cats not allowed, Small dogs allowed",2026-09-23T10:43:37,ok
Elevation Property Management,https://elevationpropmgmt.appfolio.com/listings/detail/cd7f9fbc-012f-46d3-92e3-027219a3b156,"60868 SE Sweet Pea Dr, Bend, OR 97702",SE Bend,2900,3,2,1800,?,?,True,False,False,https://www.google.com/maps/search/?api=1&query=60868+SE+Sweet+Pea+Dr%2C+Bend%2C+OR+97702,44.010447204602,-121.294699090975,3 BR home in Southeast Bend,"Cats not allowed, Dogs not allowed",2026-09-23T10:43:37,ok
Elevation Property Management,https://elevationpropmgmt.appfolio.com/listings/detail/720a359e-86fe-4cd6-9bee-bfea6f2e3d06,"959 NE Hidden Valley Drive, Bend, OR 97701",NE Bend,2400,3,2.5,1400,?,?,True,False,True,https://www.google.com/maps/search/?api=1&query=959+NE+Hidden+Valley+Drive%2C+Bend%2C+OR+97701,44.0778869,-121.2910235,3 BR - 2.5 BA in Bend’s Orchard District,"Cats not allowed, Small dogs allowed",2026-09-23T10:43:37,ok
High Country Property Management,https://highcountrypropmgmt.appfolio.com/listings/detail/b121b78f-2a4d-4d19-b9a0-d9c718768764,"2345 NW Quinn Creek Loop, Bend, OR 97703",NW Bend,3295,3,3.5,2142,?,?,True,False,True,https://www.google.com/maps/search/?api=1&query=2345+NW+Quinn+Creek+Loop%2C+Bend%2C+OR+97703,44.0529230,-121.3507175,Gorgeous NW home with 3 primary suites 3.5 bathrooms and a fully fenced backyard!,"Cats not allowed, Small dogs allowed",2026-09-23T10:44:08,ok
High Country Property Management,https://highcountrypropmgmt.appfolio.com/listings/detail/aefdf98e-a2f7-4a6f-ae06-1538c12f57b1,"459 NW Broadway St. , Bend, OR 97703",NW Bend,3500,3,2,1551,?,2026-10-10,False,False,True,https://www.google.com/maps/search/?api=1&query=459+NW+Broadway+St.+%2C+Bend%2C+OR+97703,44.0559055,-121.3188730,Live the ultimate Westside Bend lifestyle!,"Cats not allowed, Dogs allowed",2026-09-23T10:44:08,ok
High Country Property Management,https://highcountrypropmgmt.appfolio.com/listings/detail/acce4e3e-13e6-494c-8849-5fbc285eab9d,"63150 Dakota Dr. , Bend, OR 97701",Bend,2495,3,2.5,1638,?,2026-11-10,False,False,True,https://www.google.com/maps/search/?api=1&query=63150+Dakota+Dr.+%2C+Bend%2C+OR+97701,44.092807876317,-121.274672245105,Lava Ridge 3 Bedroom 2.5 bath home with a fenced yard and an office!,"Cats not allowed, Small dogs allowed",2026-09-23T10:44:08,ok
High Desert Property Management,https://highdesertpm.appfolio.com/listings/detail/55894afc-8bfa-49c4-addd-ee9abad2fe3c,"1754 NE Lotus Dr #1, Bend, OR 97701",NE Bend,2195,3,2.5,1463,?,?,True,True,True,https://www.google.com/maps/search/?api=1&query=1754+NE+Lotus+Dr+%231%2C+Bend%2C+OR+97701,44.0637947,-121.2782418,3-Bedroom Townhouse in The Pines at Pilot Butte Community,"Cats allowed, Dogs allowed",2026-09-23T10:43:06,ok
High Desert Property Management,https://highdesertpm.appfolio.com/listings/detail/37c1d16f-2358-4316-8654-4d47046e33b8,"20077 Beth Ave Unit 3, Bend, OR 97702",Bend,1950,2,2.5,1285,?,2026-10-15,False,True,True,https://www.google.com/maps/search/?api=1&query=20077+Beth+Ave+Unit+3%2C+Bend%2C+OR+97702,44.0267879,-121.3201563,2-Bedroom Townhouse in Bend,"Cats allowed, Small dogs allowed",2026-09-23T10:43:06,ok
High Desert Property Management,https://highdesertpm.appfolio.com/listings/detail/99147a99-edb7-4643-bcb0-67b1420bfa32,"60991 SE Sweet Pea Dr #1, Bend, OR 97702",SE Bend,2495,3,2,1337,?,2026-10-16,False,True,True,https://www.google.com/maps/search/?api=1&query=60991+SE+Sweet+Pea+Dr+%231%2C+Bend%2C+OR+97702,44.0148131,-121.2948491,3 Bedroom / 2 Bathroom Home in SE Bend,"Cats allowed, Dogs allowed",2026-09-23T10:43:06,ok
High Desert Property Management,https://highdesertpm.appfolio.com/listings/detail/8e294f67-8d12-4ad2-b028-565982e69e1d,"61073 NE Unity Place , Bend, OR 97701",NE Bend,2595,3,2.5,1573,?,?,True,False,True,https://www.google.com/maps/search/?api=1&query=61073+NE+Unity+Place+%2C+Bend%2C+OR+97701,?,?,Brand New 3 Bedroom / 2.5 Bathroom Home in Parkside Community,"Cats not allowed, Small dogs allowed",2026-09-23T10:43:06,ok
Hummingbird Property Management,https://hummingbirdpropertymanagement.managebuilding.com/Resident/public/rentals/78684,"1244 Northeast 4th Street, Unit 9, Bend, OR 97701",Bend,1250,1,1,800,?,2026-09-21,False,False,False,https://www.google.com/maps/search/?api=1&query=1244+Northeast+4th+Street%2C+Unit+9%2C+Bend%2C+OR+97701,44.0623987,-121.3005914,"Great, spacious 1 bdrm apt.","NO PETS, PLEASE.",2026-09-23T10:44:29,ok
Hummingbird Property Management,https://hummingbirdpropertymanagement.managebuilding.com/Resident/public/rentals/152780,"1870 Northeast Monroe Avenue, Bend, OR 97701",Bend,2525,3,2.5,1748,?,2026-09-01,False,?,True,https://www.google.com/maps/search/?api=1&query=1870+Northeast+Monroe+Avenue%2C+Bend%2C+OR+97701,44.082011507958,-121.277318997806,"Old fashioned charm can be found here with ceiling fans, a pellet stove, a formal dining room, family room, breakfast nook, and much more.",Small to Medium Size Dogs will be considered with rental history.,2026-09-23T10:44:29,ok
Hummingbird Property Management,https://hummingbirdpropertymanagement.managebuilding.com/Resident/public/rentals/152735,"1909 NE Bear Creek #2, Bend, OR 97701",NE Bend,1650,2,1,878,?,2026-08-21,False,False,False,https://www.google.com/maps/search/?api=1&query=1909+NE+Bear+Creek+%232%2C+Bend%2C+OR+97701,44.051301191985,-121.275968522441,"2 Unit multi-family home Newly renovated 2 bedroom, 1 bath duplex - so cute, you need to see it in person!",Please - NO PETS!!,2026-09-23T10:44:29,ok
Hummingbird Property Management,https://hummingbirdpropertymanagement.managebuilding.com/Resident/public/rentals/73950,"20783 Boulderfield Avenue - 1, Bend, OR 97701",Bend,2375,3,2.5,1450,?,2026-10-10,False,?,?,https://www.google.com/maps/search/?api=1&query=20783+Boulderfield+Avenue+-+1%2C+Bend%2C+OR+97701,44.0919847,-121.2857217,Craftsman style townhome beautifully built by Pahlisch Homes.,Small pets may be considered with rental history and additional security deposit. Small Pets with rental history will be considered with additional deposit.,2026-09-23T10:44:29,ok
Hummingbird Property Management,https://hummingbirdpropertymanagement.managebuilding.com/Resident/public/rentals/34109,"61686 Daly Estates, Bend, OR 97702",Bend,1850,3,1.5,1116,?,2026-09-15,False,False,True,https://www.google.com/maps/search/?api=1&query=61686+Daly+Estates%2C+Bend%2C+OR+97702,44.0403415,-121.2660695,In a Triplex - Unit # 61686 with single garage and fenced back yard.,"Washer/dryer hook ups in unit Includes fridge, dishwasher, and range Small to medium sized dogs considered, with rental history. No cats please.",2026-09-23T10:44:29,ok
Mountain View Property Management,https://mountainviewpm.appfolio.com/listings/detail/a3e1c0ca-5998-472c-82f6-1b04f036081e,"1000 NE Butler Market Rd - 6, Bend, OR 97701",NE Bend,1595,2,1,?,?,2026-10-17,False,True,True,https://www.google.com/maps/search/?api=1&query=1000+NE+Butler+Market+Rd+-+6%2C+Bend%2C+OR+97701,44.0764301,-121.2914063,Cozy 2 Bedroom/ 1 Bathroom Unit - Studio Gardens,"Cats allowed, Dogs allowed",2026-09-23T10:43:47,ok
Mountain View Property Management,https://mountainviewpm.appfolio.com/listings/detail/bc40834d-6d7e-45da-aff9-2d8a3151fecf,"1000 SE Shadowood Dr., Bend, OR 97702",SE Bend,3495,4,2.5,2268,?,2026-10-08,False,?,?,https://www.google.com/maps/search/?api=1&query=1000+SE+Shadowood+Dr.%2C+Bend%2C+OR+97702,44.0409650,-121.2753050,Spacious 4 Bed/ 2.5 Bath Single Family Home - SE Bend,?,2026-09-23T10:43:47,ok
Mountain View Property Management,https://mountainviewpm.appfolio.com/listings/detail/e5eb0e0b-4537-4b3f-9362-83c1448fcbbf,"1027 NW 13th Street, Bend, OR 97703",NW Bend,2850,3,2,1566,?,?,True,True,True,https://www.google.com/maps/search/?api=1&query=1027+NW+13th+Street%2C+Bend%2C+OR+97703,44.0594081,-121.3302687,Charming 3 Bed/2 Bath on Bend's Westside - 13th Street,"Cats allowed, Dogs allowed",2026-09-23T10:43:47,ok
Mountain View Property Management,https://mountainviewpm.appfolio.com/listings/detail/b06e4cbb-4cd6-460c-a787-d5ed5fd67582,"1031 SE 4th St. #22, Bend, OR 97702",SE Bend,1595,2,1,760,?,2026-10-17,False,?,?,https://www.google.com/maps/search/?api=1&query=1031+SE+4th+St.+%2322%2C+Bend%2C+OR+97702,44.0402700,-121.3008773,SE Bend 2 Bed/1 Bath Condo - Cascade Courtyard,?,2026-09-23T10:43:47,ok
Mountain View Property Management,https://mountainviewpm.appfolio.com/listings/detail/462bcffd-4a57-4aa5-8dc4-178d2cdafe46,"1302 NE Dempsey Drive, Bend, OR 97701",NE Bend,2250,3,1,1092,?,2026-10-15,False,?,True,https://www.google.com/maps/search/?api=1&query=1302+NE+Dempsey+Drive%2C+Bend%2C+OR+97701,44.0737560,-121.2861547,3 Bed/1 Bath Single Level Home in NE Bend - Fenced Back Yard,Dogs allowed,2026-09-23T10:43:47,ok
Mountain View Property Management,https://mountainviewpm.appfolio.com/listings/detail/d5c92685-543c-49b2-bb75-04f39c2f8486,"1605 NW 1st St., Bend, OR 97703",NW Bend,2395,2,1,1100,?,2026-10-03,False,False,False,https://www.google.com/maps/search/?api=1&query=1605+NW+1st+St.%2C+Bend%2C+OR+97703,44.0643198,-121.3136770,2 Bed/1 Bath Westside Charmer - 1st Street,"Cats not allowed, Dogs not allowed",2026-09-23T10:43:47,ok
Mountain View Property Management,https://mountainviewpm.appfolio.com/listings/detail/60ef5e6a-fc26-4b0e-b9b9-10b5da3bdf64,"20287 Schaeffer Dr., Bend, OR 97703",NW Bend,2395,3,2.5,1485,?,2026-09-30,False,?,True,https://www.google.com/maps/search/?api=1&query=20287+Schaeffer+Dr.%2C+Bend%2C+OR+97703,44.0914968,-121.3095590,Beautiful 3 Bed/2.5 Bath Two-Story Duplex in NW Bend - Schaeffer Drive,Small dogs allowed,2026-09-23T10:43:47,ok
Mountain View Property Management,https://mountainviewpm.appfolio.com/listings/detail/e29d3005-143c-443f-bb1d-c8683f16df12,"2070 NW Monterey Pines Dr. - 2, Bend, OR 97703",NW Bend,2195,2,1,1022,?,?,True,True,True,https://www.google.com/maps/search/?api=1&query=2070+NW+Monterey+Pines+Dr.+-+2%2C+Bend%2C+OR+97703,44.0644822,-121.3419451,2 Bed/1 Bath Duplex Apartment with Two Car Garage - Westside Bend,"Cats allowed, Dogs allowed",2026-09-23T10:43:47,ok
Mountain View Property Management,https://mountainviewpm.appfolio.com/listings/detail/a263b356-3629-48af-abc5-97ed73e05051,"2074 NW Monterey Pines - 2, Bend, OR 97703",NW Bend,2395,2,1,1022,?,?,True,True,True,https://www.google.com/maps/search/?api=1&query=2074+NW+Monterey+Pines+-+2%2C+Bend%2C+OR+97703,44.0644810,-121.3419379,2 Bed/1 Bath Duplex Apartment with Two Car Garage - Westside Bend,"Cats allowed, Dogs allowed",2026-09-23T10:43:47,ok
Mountain View Property Management,https://mountainviewpm.appfolio.com/listings/detail/6b53d56b-c56c-45bc-9cf6-7f9efd14c9ca,"20766 Canterbury Ct, Bend, OR 97702",Bend,2495,3,2,1456,?,2026-09-26,False,True,True,https://www.google.com/maps/search/?api=1&query=20766+Canterbury+Ct%2C+Bend%2C+OR+97702,44.0300985,-121.2852005,Charming 3 Bed/2 Bath Single Level Home - Canterbury Court,"Cats allowed, Dogs allowed",2026-09-23T10:43:47,ok
Mountain View Property Management,https://mountainviewpm.appfolio.com/listings/detail/887c036e-2f30-4cfb-bbbc-e7581edf8c84,"20769 SE Shea Ct., Bend, OR 97702",SE Bend,2895,3,2.5,1878,?,2026-10-14,False,?,True,https://www.google.com/maps/search/?api=1&query=20769+SE+Shea+Ct.%2C+Bend%2C+OR+97702,44.0335490,-121.2860100,Great 3 Bed/2.5 Bath Home on Quiet Street - Shea Court,Dogs allowed,2026-09-23T10:43:47,ok
Mountain View Property Management,https://mountainviewpm.appfolio.com/listings/detail/2639e5bd-9f9d-400a-800a-73a3902e5e37,"20838 Nova Loop - A, Bend, OR 97701",NE Bend,2195,3,2.5,1300,?,2026-10-15,False,?,?,https://www.google.com/maps/search/?api=1&query=20838+Nova+Loop+-+A%2C+Bend%2C+OR+97701,44.0937431,-121.2811332,3 Bed/2.5 Bath NE Bend Duplex Unit with Garage,?,2026-09-23T10:43:47,ok
Mountain View Property Management,https://mountainviewpm.appfolio.com/listings/detail/c0154e1c-759d-409b-a040-31ac673d8aff,"224 NW Jefferson Place, Bend, OR 97703",NW Bend,4495,3,2.5,2350,?,2026-10-15,False,True,True,https://www.google.com/maps/search/?api=1&query=224+NW+Jefferson+Place%2C+Bend%2C+OR+97703,44.0539996,-121.3198598,Beautiful 3 Bed/2.5 Bath Home in Downtown Bend - Jefferson Place,"Cats allowed, Dogs allowed",2026-09-23T10:43:47,ok
Mountain View Property Management,https://mountainviewpm.appfolio.com/listings/detail/9f305c1b-89da-4972-aba6-37f74b55b786,"565 NE Norton Avenue, Bend, OR 97701",NE Bend,2395,3,2,1176,?,?,True,False,False,https://www.google.com/maps/search/?api=1&query=565+NE+Norton+Avenue%2C+Bend%2C+OR+97701,44.0638795,-121.2978773,Midtown 3 Bed/2 Bath Single Family Home - Norton Ave,"Cats not allowed, Dogs not allowed",2026-09-23T10:43:47,ok
Mountain View Property Management,https://mountainviewpm.appfolio.com/listings/detail/853ad307-23e1-4298-a456-cac030911646,"60889 Granite Dr, Bend, OR 97702",Bend,2295,3,2,1344,?,?,True,False,True,https://www.google.com/maps/search/?api=1&query=60889+Granite+Dr%2C+Bend%2C+OR+97702,44.011215681625,-121.327957597136,Updated 3 Bed/2 Bath Home in Romaine Village with Garage,"Cats not allowed, Dogs allowed",2026-09-23T10:43:47,ok
Mountain View Property Management,https://mountainviewpm.appfolio.com/listings/detail/98a2eeb6-1544-4268-899c-a34a0186c6bb,"61175 Ferguson Rd., Bend, OR 97702",SE Bend,2295,3,1,1360,?,2026-10-15,False,True,True,https://www.google.com/maps/search/?api=1&query=61175+Ferguson+Rd.%2C+Bend%2C+OR+97702,44.0226118,-121.2760082,3 Bed/1 Bath Single Level Home in SE Bend - Ferguson Road,"Cats allowed, Dogs allowed",2026-09-23T10:43:47,ok
Mountain View Property Management,https://mountainviewpm.appfolio.com/listings/detail/3355ccb2-ff3c-4b61-a8b8-abcf14f16c91,"636 NE Irving, Bend, OR 97701",NE Bend,3095,3,2,1874,?,2026-10-08,False,True,True,https://www.google.com/maps/search/?api=1&query=636+NE+Irving%2C+Bend%2C+OR+97701,44.0590263,-121.2965036,"Fantastic 3 BR Home in Midtown Bend with Office, Hot Tub and Garage","Cats allowed, Dogs allowed",2026-09-23T10:43:47,ok
Mountain View Property Management,https://mountainviewpm.appfolio.com/listings/detail/bcd92440-85ae-4129-bead-fb6b65c25ee1,"795 NE Majesty Lane, Bend, OR 97701",NE Bend,3195,4,2.5,2050,?,2026-10-01,False,True,True,https://www.google.com/maps/search/?api=1&query=795+NE+Majesty+Lane%2C+Bend%2C+OR+97701,44.0735802,-121.2943859,Spacious 4 Bed/2.5 Bath Home on Cul-De-Sac - NE Bend,"Cats allowed, Dogs allowed",2026-09-23T10:43:47,ok
Mountain View Property Management,https://mountainviewpm.appfolio.com/listings/detail/dbe4d399-2ff7-4ccb-882d-fc16ff3e92a2,"844 NW Newport Ave. , Bend, OR 97703",NW Bend,2995,4,3,1808,?,?,True,True,True,https://www.google.com/maps/search/?api=1&query=844+NW+Newport+Ave.+%2C+Bend%2C+OR+97703,44.0624669,-121.3239027,4 Bed/3 Bath Townhome in NW Bend - Newport Ave,"Cats allowed, Dogs allowed",2026-09-23T10:43:47,ok
Plus Property Management,https://pluspmllc.appfolio.com/listings/detail/a9e1398d-1866-4077-9f44-6f1b8ebe94b4,"1031 NE Watt Way #1, Bend, OR 97701",NE Bend,1750,2,1,778,?,2026-10-14,False,False,True,https://www.google.com/maps/search/?api=1&query=1031+NE+Watt+Way+%231%2C+Bend%2C+OR+97701,44.0603455,-121.2664718,Great Duplex Near East Side Amenities! 1031 NE Watt Way #1,"Cats not allowed, Small dogs allowed",2026-09-23T10:44:19,ok
Plus Property Management,https://pluspmllc.appfolio.com/listings/detail/817f446e-e108-4628-873b-4352f2276537,"1565 NW Portland - #12, Bend, OR 97703",NW Bend,1350,0,1,?,?,2026-10-26,False,False,False,https://www.google.com/maps/search/?api=1&query=1565+NW+Portland+-+%2312%2C+Bend%2C+OR+97703,44.0640692,-121.3358859,Cozy Studio Apartment in Bend! 1565 NW Portland #12,"Cats not allowed, Dogs not allowed",2026-09-23T10:44:19,ok
Plus Property Management,https://pluspmllc.appfolio.com/listings/detail/5a698fd2-1b79-42a1-ba34-2cddbcbc8afe,"1580 NW Newport #1, Bend, OR 97703",NW Bend,1650,2,1,868,?,2026-10-14,False,True,True,https://www.google.com/maps/search/?api=1&query=1580+NW+Newport+%231%2C+Bend%2C+OR+97703,44.0623654,-121.3361299,**$750 Off 1st Month** Aspen Court 2 bd/1 ba Apartment - 1580 NW Newport Ave.,"Cats allowed, Small dogs allowed",2026-09-23T10:44:19,ok
Plus Property Management,https://pluspmllc.appfolio.com/listings/detail/b2a5e9e4-b83b-48c9-a1c1-9c82384624cb,"1580 NW Newport - #46, Bend, OR 97703",NW Bend,1650,2,1,868,?,?,True,True,True,https://www.google.com/maps/search/?api=1&query=1580+NW+Newport+-+%2346%2C+Bend%2C+OR+97703,44.0623654,-121.3361299,**$750 Off 1st Month** Aspen Court 2 bd/1 ba Apartment - 1580 NW Newport Ave.,"Cats allowed, Small dogs allowed",2026-09-23T10:44:19,ok
Plus Property Management,https://pluspmllc.appfolio.com/listings/detail/c841745c-d9f9-4e86-9b33-e1e0651a599a,"1695 NW Portland - #1, Bend, OR 97703",NW Bend,1800,3,2,1256,?,2026-10-12,False,?,?,https://www.google.com/maps/search/?api=1&query=1695+NW+Portland+-+%231%2C+Bend%2C+OR+97703,44.0640359,-121.3390189,Charming 3BD/2BA - 1695 NW Portland #1,?,2026-09-23T10:44:19,ok
Plus Property Management,https://pluspmllc.appfolio.com/listings/detail/80cd5f1d-d226-4b3b-a068-764cb916da7f,"20469 Brentwood Ave, Bend, OR 97702",Bend,2850,3,2.5,1769,?,?,True,True,True,https://www.google.com/maps/search/?api=1&query=20469+Brentwood+Ave%2C+Bend%2C+OR+97702,44.0332227,-121.3003663,**$750 OFF 1st Month** 3BD/2.5BA Home with Central A/C in Bend! 20469 Brentwood Ave.,"Cats allowed, Dogs allowed",2026-09-23T10:44:19,ok
Plus Property Management,https://pluspmllc.appfolio.com/listings/detail/963e959a-5429-474c-9597-82c1fc7ddabd,"20478 Murphy Rd., Bend, OR 97702",SE Bend,3200,3,3,2242,?,?,True,False,True,https://www.google.com/maps/search/?api=1&query=20478+Murphy+Rd.%2C+Bend%2C+OR+97702,44.0189089,-121.3000985,*50% off 1st Month** Lovely New SE Bend Earth Advantage Certified 3/3 Home! 20478 Murphy Rd.,"Cats not allowed, Small dogs allowed",2026-09-23T10:44:19,ok
Plus Property Management,https://pluspmllc.appfolio.com/listings/detail/854822e6-ef4f-4833-a497-1c4e7b3c644d,"20505 SE Evian Ave, Bend, OR 97702",SE Bend,2995,4,2.5,1801,?,2026-10-09,False,False,True,https://www.google.com/maps/search/?api=1&query=20505+SE+Evian+Ave%2C+Bend%2C+OR+97702,?,?,Spacious 4 Bedroom 2.5 Bath W/Bonus Room in Stonecreek Community w/ Solar Panels & EV Outlet! 20505 SE Evian,"Cats not allowed, Small dogs allowed",2026-09-23T10:44:19,ok
Plus Property Management,https://pluspmllc.appfolio.com/listings/detail/333064ef-c718-49c7-bc19-a457a95ca6b5,"20537 Dylan Loop, Bend, OR 97702",Bend,2595,2,2,1462,?,2026-11-01,False,False,False,https://www.google.com/maps/search/?api=1&query=20537+Dylan+Loop%2C+Bend%2C+OR+97702,44.0282464,-121.2966840,FURNISHED Short Term Single Level Home with Hot Tub! 20537 Dylan Loop,"Cats not allowed, Dogs not allowed",2026-09-23T10:44:19,ok
Plus Property Management,https://pluspmllc.appfolio.com/listings/detail/75f3d070-79b4-4c07-adca-2b77e3f4853d,"2055 NE York Circle #1, Bend, OR 97701",NE Bend,1595,2,1.5,824,?,2026-09-27,False,?,?,https://www.google.com/maps/search/?api=1&query=2055+NE+York+Circle+%231%2C+Bend%2C+OR+97701,44.0713328,-121.2731052,2 Bedroom NE Townhome with Charm! 2055 NE York Cr. #1,?,2026-09-23T10:44:19,ok
Plus Property Management,https://pluspmllc.appfolio.com/listings/detail/cd202929-416d-4573-b62a-681784af74eb,"21028 Damascus Lane, #2, Bend, OR 97701",NE Bend,2150,3,2.5,1214,?,?,True,False,False,https://www.google.com/maps/search/?api=1&query=21028+Damascus+Lane%2C+%232%2C+Bend%2C+OR+97701,44.0528697,-121.2727081,"Spacious NE Bend 3/2.5 Duplex Close To Shopping! 21028 Damascus Lane, #2","Cats not allowed, Dogs not allowed",2026-09-23T10:44:19,ok
Plus Property Management,https://pluspmllc.appfolio.com/listings/detail/b8000cb4-1ecd-4266-bb75-57f2ad4a9f0e,"2112 NW Harriman, Bend, OR 97703",NW Bend,1995,1,1.5,1095,?,?,True,False,False,https://www.google.com/maps/search/?api=1&query=2112+NW+Harriman%2C+Bend%2C+OR+97703,44.0706199,-121.3092960,***$500 Off First Month*** Great 1 bed/1.5 Bath with Additional Loft/office room in NW Bend! 2112 NW Harriman,"Cats not allowed, Dogs not allowed",2026-09-23T10:44:19,ok
Plus Property Management,https://pluspmllc.appfolio.com/listings/detail/5bfb7823-a4ca-4b30-a360-55c44228fc6e,"27 NW Lake Place - #203, Bend, OR 97703",NW Bend,1595,1,1,605,?,2026-10-14,False,?,True,https://www.google.com/maps/search/?api=1&query=27+NW+Lake+Place+-+%23203%2C+Bend%2C+OR+97703,44.0541758,-121.3079341,***$500 Off 1st Month*** 1 Bedroom Unit in Convenient Location - Utilities Included!,Small dogs allowed,2026-09-23T10:44:19,ok
Plus Property Management,https://pluspmllc.appfolio.com/listings/detail/2b6bd98c-6ba4-4699-a03e-f56fd0e1c35e,"3807 Eagle Road, Bend, OR 97701",NE Bend,2495,3,2.5,1450,?,?,True,False,False,https://www.google.com/maps/search/?api=1&query=3807+Eagle+Road%2C+Bend%2C+OR+97701,44.0904801,-121.2524051,*$750 OFF 1st Month* 2023 Palisch Townhome in Petrosa - Close to the Clubhouse and Park! 3807 NE Eagle,"Cats not allowed, Dogs not allowed",2026-09-23T10:44:19,ok
Plus Property Management,https://pluspmllc.appfolio.com/listings/detail/1b250c90-d703-4e80-88b2-9f9070c2df30,"60149 Cheyenne Road, Bend, OR 97702",Bend,2450,3,2,1008,?,2026-10-16,False,?,?,https://www.google.com/maps/search/?api=1&query=60149+Cheyenne+Road%2C+Bend%2C+OR+97702,43.984693482862,-121.343975771752,"Hide Away Home on Large Lot 60149 Cheyenne Rd, Bend OR 97702",?,2026-09-23T10:44:19,ok
Plus Property Management,https://pluspmllc.appfolio.com/listings/detail/be4cb419-d670-4573-b095-791e4673b38b,"61158 SW Teton Lane, Bend, OR 97702",SW Bend,3000,3,2.5,1743,?,?,True,False,True,https://www.google.com/maps/search/?api=1&query=61158+SW+Teton+Lane%2C+Bend%2C+OR+97702,44.020945055717,-121.34318995864,Beautiful Home in SW Bend! 61158 SW Teton Lane,"Cats not allowed, Small dogs allowed",2026-09-23T10:44:19,ok
Preferred Residential,https://prbend.com/property/northwest-crossing-townhouse/,"21170 SE Golden Market Ln, Bend, OR 97702",Bend,2999,2,2.5,1237,Single Family,2026-07-09,False,False,False,https://www.google.com/maps/search/?api=1&query=21170+SE+Golden+Market+Ln%2C+Bend%2C+OR+97702,44.0392802,-121.2629662,Northwest Crossing Townhouse,Pets will not be considered. An additional deposit per approved pet is required.,2026-09-22T10:33:28,ok
Preferred Residential,https://prbend.com/property/midtown-bend-with-fenced-yard/,"335 NE Kearney Ave, Bend, OR 97701",Bend,2395,2,1,898,Single Family,?,?,?,?,https://www.google.com/maps/search/?api=1&query=335+NE+Kearney+Ave%2C+Bend%2C+OR+97701,44.060782,-121.3042428,Midtown Bend With Fenced Yard,Pets will be considered on a case-by-case basis. An additional deposit will be required for any approved pets.,2026-09-22T10:33:28,ok
Preferred Residential,https://prbend.com/property/sagewood-house-sw-bend/,"61473 Linton Loop, Bend, OR 97702",SW Bend,3395,3,2.5,2554,Single Family,2026-08-01,False,?,?,https://www.google.com/maps/search/?api=1&query=61473+Linton+Loop%2C+Bend%2C+OR+97702,44.033057,-121.339462,Sagewood House SW Bend,There is a gated dog run on the side of the house. Pets will be considered on a case by case basis. Any approved pets will require additional deposits,2026-09-22T10:33:28,ok
Ridgeline Property Management,https://ridgelinepropertymgmt.rentvine.com/public/listings/45,"1801 Northeast Purcell Boulevard, Unit #20, Bend, OR 97701",Bend,2275,2,3,1256,?,2026-09-15,False,?,?,https://www.google.com/maps/search/?api=1&query=1801+Northeast+Purcell+Boulevard%2C+Unit+%2320%2C+Bend%2C+OR+97701,44.06836680,-121.27446450,Nicely Done Townhome Next to St. Charles,?,2026-09-23T10:45:24,ok
Ridgeline Property Management,https://ridgelinepropertymgmt.rentvine.com/public/listings/29,"19804 Wetland Ct, Bend, OR 97702",Bend,2995,3,2,1235,?,2026-10-01,False,True,True,https://www.google.com/maps/search/?api=1&query=19804+Wetland+Ct%2C+Bend%2C+OR+97702,44.01553300,-121.33443500,Furnished 3-Bedroom Home in Southwest Bend with Yard Care Included,"Subject to approval, up to two pets.  $400 additional deposit per pet.",2026-09-23T10:45:24,ok
Ridgeline Property Management,https://ridgelinepropertymgmt.rentvine.com/public/listings/37,"26 NW Shasta Pl, Bend, OR 97703, Bend, OR 97703",NW Bend,5495,3,2,2058,?,2026-08-03,False,True,True,https://www.google.com/maps/search/?api=1&query=26+NW+Shasta+Pl%2C+Bend%2C+OR+97703%2C+Bend%2C+OR+97703,44.05262430,-121.32165050,Beautiful 3-Bedroom Home Above Miller’s Landing with River and Mountain Vistas,Subject approval and $500 deposit per pet.,2026-09-23T10:45:24,ok
Trailhead Property Management,https://www.trailheadpropertymanagement.com/portfolio-1/7skzwc5x2lt3m3s-ddc8l-zr9mp-63mfg-gny8k-xd5by-wrn37-993e9-n9hac-ecdk2,"1643 NW Knoll, Bend OR 97703",NW Bend,2725,2,2,1150,?,?,?,?,?,https://www.google.com/maps/search/?api=1&query=1643+NW+Knoll%2C+Bend+OR+97703,?,?,BRAND NEW Westside construction,?,2026-09-23T10:42:46,ok
Trailhead Property Management,https://www.trailheadpropertymanagement.com/portfolio-1/7skzwc5x2lt3m3s-ddc8l-zr9mp-63mfg-gny8k-xd5by-wrn37-993e9-jgzrz,"20082 SW Porter Place, Bend OR 97702",SW Bend,2325,3,?,1290,?,?,?,?,?,https://www.google.com/maps/search/?api=1&query=20082+SW+Porter+Place%2C+Bend+OR+97702,44.028063643091,-121.319547161804,Fantastic property on Bend's SW side,?,2026-09-23T10:42:46,ok
Trailhead Property Management,https://www.trailheadpropertymanagement.com/portfolio-1/7skzwc5x2lt3m3s-ddc8l-zr9mp-63mfg-gny8k-xd5by-wrn37-993e9-zales,"55 SW Wall St, Bend OR 97702",SW Bend,1550,1,?,250,?,?,?,True,?,https://www.google.com/maps/search/?api=1&query=55+SW+Wall+St%2C+Bend+OR+97702,44.0510096,-121.3177473,"Walk to river, downtown and Old Mill from this Studio",Small dog or cat considered.,2026-09-23T10:42:46,ok
Trailhead Property Management,https://www.trailheadpropertymanagement.com/portfolio-1/7skzwc5x2lt3m3s-ddc8l-zr9mp-63mfg-gny8k-xd5by-wrn37-993e9-n9hac-ecdk2-dmpzm,"61275 Kristen St, Bend OR 97702",SW Bend,2895,3,2.5,1925,?,?,?,?,?,https://www.google.com/maps/search/?api=1&query=61275+Kristen+St%2C+Bend+OR+97702,44.02628372357,-121.332252320255,Great SW Bend Location,?,2026-09-23T10:42:46,ok
Utopia Management,https://utopiamanagement.appfolio.com/listings/detail/85128d19-b8f0-4b92-9316-66edf7142840,"14 SE McKinley Ave - 1, Bend, OR 97702",SE Bend,2295,3,2.5,1478,?,?,True,?,True,https://www.google.com/maps/search/?api=1&query=14+SE+McKinley+Ave+-+1%2C+Bend%2C+OR+97702,44.0416509,-121.3069859,CHECK OUT THIS OPEN TWO STORY DUPLEX NEAR THE OLD MILL AND DOWNTOWN BEND,Dogs allowed,2026-09-23T10:43:26,ok
Utopia Management,https://utopiamanagement.appfolio.com/listings/detail/c44a59aa-c5a8-49bc-b430-b60c18406f35,"2218 NE Carrie Lane, Bend, OR 97701",NE Bend,2595,3,2,1242,?,?,True,?,?,https://www.google.com/maps/search/?api=1&query=2218+NE+Carrie+Lane%2C+Bend%2C+OR+97701,44.0821280,-121.2711911,"CHECK OUT THIS SPACIOUS, WELCOMING HOME IN THE MOUNTAIN VIEW DISTRICT!!!",?,2026-09-23T10:43:26,ok
Utopia Management,https://utopiamanagement.appfolio.com/listings/detail/2c104d57-5a1d-4dc3-9eef-a668aa79b8c3,"2950 NE Nikki Court, Unit D, Bend, OR 97701",NE Bend,2295,3,2.5,1200,?,?,True,False,True,https://www.google.com/maps/search/?api=1&query=2950+NE+Nikki+Court%2C+Unit+D%2C+Bend%2C+OR+97701,44.0653421,-121.2610264,"BRIGHT, OPEN LIVING IN THE HEART OF BEND!!","Cats not allowed, Dogs allowed",2026-09-23T10:43:26,ok
Utopia Management,https://utopiamanagement.appfolio.com/listings/detail/5e229b31-37af-41bd-8daf-2d67e4d29d01,"55803 Snow Goose Rd , Bend, OR 97707",Bend,2295,3,2,1200,?,?,True,False,True,https://www.google.com/maps/search/?api=1&query=55803+Snow+Goose+Rd+%2C+Bend%2C+OR+97707,43.827276518555,-121.462236135904,CHECK OUT THIS BEAUTIFUL SUNRIVER HOME,"Cats not allowed, Small dogs allowed",2026-09-23T10:43:26,ok
Utopia Management,https://utopiamanagement.appfolio.com/listings/detail/9e04f5ae-342a-44f2-97d3-099171e64e25,"60785 Willow Creek Loop , Bend, OR 97702",Bend,2895,2,2,1879,?,?,True,True,True,https://www.google.com/maps/search/?api=1&query=60785+Willow+Creek+Loop+%2C+Bend%2C+OR+97702,44.0073419,-121.3107118,"BEAUTIFUL HOME, GATED COMMUNITY LOCATED IN THE HEART OF MOUNTAIN HIGH, ON GOLF COURSE!","Cats allowed, Dogs allowed",2026-09-23T10:43:26,ok
Utopia Management,https://utopiamanagement.appfolio.com/listings/detail/0e8d75a3-a0d7-4487-b1a8-9f37fadbf048,"65280 76th St, Bend, OR 97701",Bend,2595,3,2,1500,?,?,True,?,True,https://www.google.com/maps/search/?api=1&query=65280+76th+St%2C+Bend%2C+OR+97701,44.169465583536,-121.2611010287,CHECK OUT THIS BEAUTIFUL HOME NEAR TUMALO ON 2 ACRES OF LAND!!,Dogs allowed,2026-09-23T10:43:26,ok
Utopia Management,https://utopiamanagement.appfolio.com/listings/detail/4c0d573a-710a-4efd-90aa-1a81e14529e2,"905 SW Pelton Pl , Bend, OR 97702",SW Bend,1695,2,1,715,?,?,True,False,True,https://www.google.com/maps/search/?api=1&query=905+SW+Pelton+Pl+%2C+Bend%2C+OR+97702,44.0414183,-121.3073390,CHARMING AND COZY LIVING MINUTES FROM THE OLD MILL!!,"Cats not allowed, Small dogs allowed",2026-09-23T10:43:26,ok
Velocity Property Management,https://velocitypm.appfolio.com/listings/detail/a00766aa-3696-465f-8bd3-ce0b78adf311,"1664 NW Lewis St., Bend, OR 97703",NW Bend,2995,2,2.5,1250,?,2026-10-09,False,False,False,https://www.google.com/maps/search/?api=1&query=1664+NW+Lewis+St.%2C+Bend%2C+OR+97703,44.0652923,-121.3532077,Beautiful NW Crossing Townhome with Main-Level Primary Suite!,"Cats not allowed, Dogs not allowed",2026-09-23T10:42:55,ok
Velocity Property Management,https://velocitypm.appfolio.com/listings/detail/15531c9b-1afe-4bd5-ba58-ff588bd9cb6c,"19899 Antler Point Dr., Bend, OR 97702",SW Bend,2895,3,2,1460,?,?,True,False,True,https://www.google.com/maps/search/?api=1&query=19899+Antler+Point+Dr.%2C+Bend%2C+OR+97702,44.0240700,-121.3295680,Singe Level Home in SW Bend!,"Cats not allowed, Dogs allowed",2026-09-23T10:42:55,ok
Velocity Property Management,https://velocitypm.appfolio.com/listings/detail/9d761c35-7e7f-4f41-959b-28d34cac8df7,"3032 NE Terreo Place - #2, Bend, OR 97701",NE Bend,2395,3,2.5,1450,?,2026-09-25,False,False,False,https://www.google.com/maps/search/?api=1&query=3032+NE+Terreo+Place+-+%232%2C+Bend%2C+OR+97701,44.0905087,-121.2553206,3 Bedroom Townhome in the Petrosa Neighborhood!,"Cats not allowed, Dogs not allowed",2026-09-23T10:42:55,ok
Velocity Property Management,https://velocitypm.appfolio.com/listings/detail/c44fb3c2-42b4-4bf5-83a4-a67f1fd81d5c,"3344 NW Celilo Ln. - #2, Bend, OR 97703",NW Bend,1595,0,1,410,?,2026-10-13,False,False,False,https://www.google.com/maps/search/?api=1&query=3344+NW+Celilo+Ln.+-+%232%2C+Bend%2C+OR+97703,44.0660401,-121.3615694,$500 OFF FIRST MONTHS RENT- ADU in Terrane at Discovery West,"Cats not allowed, Dogs not allowed",2026-09-23T10:42:55,ok
